Hayward,https://hayward.legistar.com/Calendar.aspx
Santa Clara,https://santaclara.legistar.com/Calendar.aspx
Mountain View,https://mountainview.legistar.com/Calendar.aspx
Sunnyvale,https://sunnyvaleca.legistar.com/Calendar.aspx
San Jose,https://sanjose.legistar.com/Calendar.aspx
Cupertino,https://cupertino.legistar.com/Calendar.aspx
San Mateo County,https://sanmateocounty.legistar.com/Calendar.aspx
Burlingame,https://burlingameca.legistar.com/Calendar.aspx
San Leandro,https://sanleandro.legistar.com/Calendar.aspx
Alameda,https://alameda.legistar.com/Calendar.aspx
Oakland,https://oakland.legistar.com/Calendar.aspx
San Francisco,https://sfgov.legistar.com/Calendar.aspx
Hercules,https://hercules.legistar.com/Calendar.aspx
Stockton,https://stockton.legistar.com/Calendar.aspx
South San Francisco,https://ci-ssf-ca.legistar.com/Calendar.aspx
MTC,https://mtc.legistar.com/Calendar.aspx